{
  "reward_alignment": "{'correlation': np.float64(0.9974774995273681), 'expected_positive': np.True_, 'target_threshold': 0.3, 'passes_threshold': np.True_, 'status': 'PASS'}",
  "crisis_detection": "{'final_crisis_rate': np.float64(0.31), 'target_range': [0.15, 0.5], 'in_target_range': np.True_, 'not_constant_100%': np.True_, 'status': 'PASS'}",
  "weight_validation": "{'test_results': {'negative_weights': {'original_weights': [-0.1, 0.6, 0.5], 'final_weights': [0.0833333358168602, 0.49242424964904785, 0.42424240708351135], 'has_negative': np.False_, 'sum_valid': np.True_, 'passed': np.True_}, 'mixed_weights': {'original_weights': [0.2, -0.05, 0.85], 'final_weights': [0.25833332538604736, 0.15833333134651184, 0.5833333134651184], 'has_negative': np.False_, 'sum_valid': np.True_, 'passed': np.True_}, 'extreme_weights': {'original_weights': [-0.5, 1.2, 0.3], 'final_weights': [0.1547619104385376, 0.5833333134651184, 0.261904776096344], 'has_negative': np.False_, 'sum_valid': np.True_, 'passed': np.True_}}, 'all_passed': True, 'status': 'PASS'}",
  "sac_stability": "{'success_rate': 1.0, 'alpha_stable': np.True_, 'q_stable': np.True_, 'alpha_mean': np.float64(0.10023728719700553), 'q_range_mean': np.float64(2.628026393308923), 'status': 'PASS'}",
  "logging_consistency": {
    "sliding_size_correct": true,
    "cumulative_count_correct": true,
    "stats_consistent": true,
    "accuracy_count": 10,
    "loss_count": 10,
    "accuracy_mean": 0.6,
    "loss_mean": 2.37,
    "status": "PASS"
  }
}