{
  "episode": 0,
  "total_reward": -491.9157093187824,
  "avg_reward": -0.1537236591621195,
  "steps": 3200,
  "final_value": 1541888.722109971,
  "portfolio_metrics": {
    "total_return": 0.541888722109976,
    "annual_return": 0.03468743764631688,
    "volatility": 0.2050002375056328,
    "sharpe_ratio": 0.1714548085988689,
    "max_drawdown": -0.45441666862306845,
    "calmar_ratio": 0.07633399045731214,
    "deflated_sharpe_ratio": 7.25444582089676,
    "threshold": 0.03646953596872947,
    "p_value": 0.0,
    "is_significant": true,
    "num_observations": 3200,
    "skewness": -0.07407471161810854,
    "kurtosis": 11.911396344367786,
    "portfolio_value": 1541888.722109971,
    "total_cost": 1769890.6090425504,
    "average_concentration": 0.04431206078884329
  },
  "crisis_stats": {
    "avg_crisis": 0.44238685125233546,
    "max_crisis": 1.0,
    "crisis_episodes": 